id, value
google,
google.truth,
google.truth.id,
google.truth.id.1936771,1
google.truth.node_id,
google.truth.node_id.MDEwOlJlcG9zaXRvcnkxOTM2Nzcx,1
google.truth.name.truth,1
google.truth.name,
google.truth.full_name,
google.truth.full_name.google/truth,1
google.truth.private,
google.truth.private.false,1
google.truth.owner,
google.truth.owner.[object Object],1
google.truth.html_url,
google.truth.html_url.https://github#com/google/truth,1
google.truth.description,
google.truth.description.Fluent assertions for Java and Android,1
google.truth.fork,
google.truth.fork.false,1
google.truth.url,
google.truth.url.https://api#github#com/repos/google/truth,1
google.truth.forks_url,
google.truth.forks_url.https://api#github#com/repos/google/truth/forks,1
google.truth.keys_url,
google.truth.keys_url.https://api#github#com/repos/google/truth/keys{/key_id},1
google.truth.collaborators_url,
google.truth.collaborators_url.https://api#github#com/repos/google/truth/collaborators{/collaborator},1
google.truth.teams_url,
google.truth.teams_url.https://api#github#com/repos/google/truth/teams,1
google.truth.hooks_url,
google.truth.hooks_url.https://api#github#com/repos/google/truth/hooks,1
google.truth.issue_events_url,
google.truth.issue_events_url.https://api#github#com/repos/google/truth/issues/events{/number},1
google.truth.events_url,
google.truth.events_url.https://api#github#com/repos/google/truth/events,1
google.truth.assignees_url,
google.truth.assignees_url.https://api#github#com/repos/google/truth/assignees{/user},1
google.truth.branches_url,
google.truth.branches_url.https://api#github#com/repos/google/truth/branches{/branch},1
google.truth.tags_url,
google.truth.tags_url.https://api#github#com/repos/google/truth/tags,1
google.truth.blobs_url,
google.truth.blobs_url.https://api#github#com/repos/google/truth/git/blobs{/sha},1
google.truth.git_tags_url,
google.truth.git_tags_url.https://api#github#com/repos/google/truth/git/tags{/sha},1
google.truth.git_refs_url,
google.truth.git_refs_url.https://api#github#com/repos/google/truth/git/refs{/sha},1
google.truth.trees_url,
google.truth.trees_url.https://api#github#com/repos/google/truth/git/trees{/sha},1
google.truth.statuses_url,
google.truth.statuses_url.https://api#github#com/repos/google/truth/statuses/{sha},1
google.truth.languages_url,
google.truth.languages_url.https://api#github#com/repos/google/truth/languages,1
google.truth.stargazers_url,
google.truth.stargazers_url.https://api#github#com/repos/google/truth/stargazers,1
google.truth.contributors_url,
google.truth.contributors_url.https://api#github#com/repos/google/truth/contributors,1
google.truth.subscribers_url,
google.truth.subscribers_url.https://api#github#com/repos/google/truth/subscribers,1
google.truth.subscription_url.https://api#github#com/repos/google/truth/subscription,1
google.truth.commits_url,
google.truth.subscription_url,
google.truth.commits_url.https://api#github#com/repos/google/truth/commits{/sha},1
google.truth.git_commits_url,
google.truth.git_commits_url.https://api#github#com/repos/google/truth/git/commits{/sha},1
google.truth.comments_url,
google.truth.comments_url.https://api#github#com/repos/google/truth/comments{/number},1
google.truth.issue_comment_url,
google.truth.issue_comment_url.https://api#github#com/repos/google/truth/issues/comments{/number},1
google.truth.contents_url,
google.truth.contents_url.https://api#github#com/repos/google/truth/contents/{+path},1
google.truth.compare_url,
google.truth.compare_url.https://api#github#com/repos/google/truth/compare/{base}###{head},1
google.truth.merges_url,
google.truth.merges_url.https://api#github#com/repos/google/truth/merges,1
google.truth.archive_url,
google.truth.archive_url.https://api#github#com/repos/google/truth/{archive_format}{/ref},1
google.truth.downloads_url,
google.truth.downloads_url.https://api#github#com/repos/google/truth/downloads,1
google.truth.issues_url,
google.truth.issues_url.https://api#github#com/repos/google/truth/issues{/number},1
google.truth.pulls_url,
google.truth.pulls_url.https://api#github#com/repos/google/truth/pulls{/number},1
google.truth.milestones_url,
google.truth.milestones_url.https://api#github#com/repos/google/truth/milestones{/number},1
google.truth.notifications_url,
google.truth.notifications_url.https://api#github#com/repos/google/truth/notifications{?since,all,participating},1
google.truth.labels_url,
google.truth.labels_url.https://api#github#com/repos/google/truth/labels{/name},1
google.truth.releases_url,
google.truth.releases_url.https://api#github#com/repos/google/truth/releases{/id},1
google.truth.deployments_url,
google.truth.deployments_url.https://api#github#com/repos/google/truth/deployments,1
google.truth.created_at,
google.truth.created_at.2011-06-22T18:55:12Z,1
google.truth.updated_at,
google.truth.updated_at.2021-01-05T17:10:57Z,1
google.truth.pushed_at,
google.truth.pushed_at.2021-01-05T17:14:18Z,1
google.truth.git_url,
google.truth.git_url.git://github#com/google/truth#git,1
google.truth.ssh_url,
google.truth.ssh_url.git@github#com:google/truth#git,1
google.truth.clone_url,
google.truth.clone_url.https://github#com/google/truth#git,1
google.truth.svn_url,
google.truth.svn_url.https://github#com/google/truth,1
google.truth.homepage,
google.truth.homepage.https://truth#dev/,1
google.truth.size,
google.truth.size.31414,1
google.truth.stargazers_count,
google.truth.stargazers_count.2178,1
google.truth.watchers_count,
google.truth.watchers_count.2178,1
google.truth.language,
google.truth.language.Java,1
google.truth.has_issues,
google.truth.has_projects,
google.truth.has_issues.true,1
google.truth.has_projects.true,1
google.truth.has_downloads,
google.truth.has_downloads.true,1
google.truth.has_wiki,
google.truth.has_wiki.true,1
google.truth.has_pages,
google.truth.has_pages.true,1
google.truth.forks_count,
google.truth.forks_count.227,1
google.truth.mirror_url,
google.truth.mirror_url,
google.truth.archived,
google.truth.archived.false,1
google.truth.disabled,
google.truth.disabled.false,1
google.truth.open_issues_count,
google.truth.open_issues_count.71,1
google.truth.license,
google.truth.license.[object Object],1
google.truth.forks,
google.truth.forks.227,1
google.truth.open_issues,
google.truth.open_issues.71,1
google.truth.watchers,
google.truth.watchers.2178,1
google.ruby-openid-apps-discovery,
google.ruby-openid-apps-discovery.id,
google.ruby-openid-apps-discovery.id.3248507,1
google.ruby-openid-apps-discovery.node_id,
google.ruby-openid-apps-discovery.node_id.MDEwOlJlcG9zaXRvcnkzMjQ4NTA3,1
google.ruby-openid-apps-discovery.name,
google.ruby-openid-apps-discovery.name.ruby-openid-apps-discovery,1
google.ruby-openid-apps-discovery.full_name,
google.ruby-openid-apps-discovery.full_name.google/ruby-openid-apps-discovery,1
google.ruby-openid-apps-discovery.private,
google.ruby-openid-apps-discovery.private.false,1
google.ruby-openid-apps-discovery.owner,
google.ruby-openid-apps-discovery.owner.[object Object],1
google.ruby-openid-apps-discovery.html_url,
google.ruby-openid-apps-discovery.html_url.https://github#com/google/ruby-openid-apps-discovery,1
google.ruby-openid-apps-discovery.description,
google.ruby-openid-apps-discovery.description,
google.ruby-openid-apps-discovery.fork,
google.ruby-openid-apps-discovery.fork.false,1
google.ruby-openid-apps-discovery.url,
google.ruby-openid-apps-discovery.url.https://api#github#com/repos/google/ruby-openid-apps-discovery,1
google.ruby-openid-apps-discovery.forks_url,
google.ruby-openid-apps-discovery.forks_url.https://api#github#com/repos/google/ruby-openid-apps-discovery/forks,1
google.ruby-openid-apps-discovery.keys_url,
google.ruby-openid-apps-discovery.keys_url.https://api#github#com/repos/google/ruby-openid-apps-discovery/keys{/key_id},1
google.ruby-openid-apps-discovery.collaborators_url,
google.ruby-openid-apps-discovery.collaborators_url.https://api#github#com/repos/google/ruby-openid-apps-discovery/collaborators{/collaborator},1
google.ruby-openid-apps-discovery.teams_url,
google.ruby-openid-apps-discovery.teams_url.https://api#github#com/repos/google/ruby-openid-apps-discovery/teams,1
google.ruby-openid-apps-discovery.hooks_url,
google.ruby-openid-apps-discovery.hooks_url.https://api#github#com/repos/google/ruby-openid-apps-discovery/hooks,1
google.ruby-openid-apps-discovery.issue_events_url,
google.ruby-openid-apps-discovery.issue_events_url.https://api#github#com/repos/google/ruby-openid-apps-discovery/issues/events{/number},1
google.ruby-openid-apps-discovery.events_url,
google.ruby-openid-apps-discovery.events_url.https://api#github#com/repos/google/ruby-openid-apps-discovery/events,1
google.ruby-openid-apps-discovery.assignees_url,
google.ruby-openid-apps-discovery.assignees_url.https://api#github#com/repos/google/ruby-openid-apps-discovery/assignees{/user},1
google.ruby-openid-apps-discovery.branches_url,
google.ruby-openid-apps-discovery.branches_url.https://api#github#com/repos/google/ruby-openid-apps-discovery/branches{/branch},1
google.ruby-openid-apps-discovery.tags_url,
google.ruby-openid-apps-discovery.tags_url.https://api#github#com/repos/google/ruby-openid-apps-discovery/tags,1
google.ruby-openid-apps-discovery.blobs_url,
google.ruby-openid-apps-discovery.git_tags_url,
google.ruby-openid-apps-discovery.blobs_url.https://api#github#com/repos/google/ruby-openid-apps-discovery/git/blobs{/sha},1
google.ruby-openid-apps-discovery.git_tags_url.https://api#github#com/repos/google/ruby-openid-apps-discovery/git/tags{/sha},1
google.ruby-openid-apps-discovery.git_refs_url,
google.ruby-openid-apps-discovery.git_refs_url.https://api#github#com/repos/google/ruby-openid-apps-discovery/git/refs{/sha},1
google.ruby-openid-apps-discovery.trees_url,
google.ruby-openid-apps-discovery.trees_url.https://api#github#com/repos/google/ruby-openid-apps-discovery/git/trees{/sha},1
google.ruby-openid-apps-discovery.statuses_url,
google.ruby-openid-apps-discovery.statuses_url.https://api#github#com/repos/google/ruby-openid-apps-discovery/statuses/{sha},1
google.ruby-openid-apps-discovery.languages_url,
google.ruby-openid-apps-discovery.languages_url.https://api#github#com/repos/google/ruby-openid-apps-discovery/languages,1
google.ruby-openid-apps-discovery.stargazers_url,
google.ruby-openid-apps-discovery.stargazers_url.https://api#github#com/repos/google/ruby-openid-apps-discovery/stargazers,1
google.ruby-openid-apps-discovery.contributors_url,
google.ruby-openid-apps-discovery.contributors_url.https://api#github#com/repos/google/ruby-openid-apps-discovery/contributors,1
google.ruby-openid-apps-discovery.subscribers_url,
google.ruby-openid-apps-discovery.subscribers_url.https://api#github#com/repos/google/ruby-openid-apps-discovery/subscribers,1
google.ruby-openid-apps-discovery.subscription_url,
google.ruby-openid-apps-discovery.subscription_url.https://api#github#com/repos/google/ruby-openid-apps-discovery/subscription,1
google.ruby-openid-apps-discovery.commits_url,
google.ruby-openid-apps-discovery.commits_url.https://api#github#com/repos/google/ruby-openid-apps-discovery/commits{/sha},1
google.ruby-openid-apps-discovery.git_commits_url,
google.ruby-openid-apps-discovery.git_commits_url.https://api#github#com/repos/google/ruby-openid-apps-discovery/git/commits{/sha},1
google.ruby-openid-apps-discovery.comments_url,
google.ruby-openid-apps-discovery.comments_url.https://api#github#com/repos/google/ruby-openid-apps-discovery/comments{/number},1
google.ruby-openid-apps-discovery.issue_comment_url,
google.ruby-openid-apps-discovery.issue_comment_url.https://api#github#com/repos/google/ruby-openid-apps-discovery/issues/comments{/number},1
google.ruby-openid-apps-discovery.contents_url,
google.ruby-openid-apps-discovery.contents_url.https://api#github#com/repos/google/ruby-openid-apps-discovery/contents/{+path},1
google.ruby-openid-apps-discovery.compare_url,
google.ruby-openid-apps-discovery.compare_url.https://api#github#com/repos/google/ruby-openid-apps-discovery/compare/{base}###{head},1
google.ruby-openid-apps-discovery.merges_url,
google.ruby-openid-apps-discovery.merges_url.https://api#github#com/repos/google/ruby-openid-apps-discovery/merges,1
google.ruby-openid-apps-discovery.archive_url,
google.ruby-openid-apps-discovery.archive_url.https://api#github#com/repos/google/ruby-openid-apps-discovery/{archive_format}{/ref},1
google.ruby-openid-apps-discovery.downloads_url,
google.ruby-openid-apps-discovery.downloads_url.https://api#github#com/repos/google/ruby-openid-apps-discovery/downloads,1
google.ruby-openid-apps-discovery.issues_url,
google.ruby-openid-apps-discovery.issues_url.https://api#github#com/repos/google/ruby-openid-apps-discovery/issues{/number},1
google.ruby-openid-apps-discovery.pulls_url,
google.ruby-openid-apps-discovery.pulls_url.https://api#github#com/repos/google/ruby-openid-apps-discovery/pulls{/number},1
google.ruby-openid-apps-discovery.milestones_url,
google.ruby-openid-apps-discovery.milestones_url.https://api#github#com/repos/google/ruby-openid-apps-discovery/milestones{/number},1
google.ruby-openid-apps-discovery.notifications_url,
google.ruby-openid-apps-discovery.notifications_url.https://api#github#com/repos/google/ruby-openid-apps-discovery/notifications{?since,all,participating},1
google.ruby-openid-apps-discovery.labels_url,
google.ruby-openid-apps-discovery.releases_url,
google.ruby-openid-apps-discovery.deployments_url,
google.ruby-openid-apps-discovery.deployments_url.https://api#github#com/repos/google/ruby-openid-apps-discovery/deployments,1
google.ruby-openid-apps-discovery.created_at,
google.ruby-openid-apps-discovery.updated_at,
google.ruby-openid-apps-discovery.created_at.2012-01-23T17:09:03Z,1
google.ruby-openid-apps-discovery.updated_at.2020-12-12T06:28:14Z,1
google.ruby-openid-apps-discovery.pushed_at,
google.ruby-openid-apps-discovery.pushed_at.2020-09-30T19:14:27Z,1
google.ruby-openid-apps-discovery.git_url,
google.ruby-openid-apps-discovery.git_url.git://github#com/google/ruby-openid-apps-discovery#git,1
google.ruby-openid-apps-discovery.ssh_url,
google.ruby-openid-apps-discovery.ssh_url.git@github#com:google/ruby-openid-apps-discovery#git,1
google.ruby-openid-apps-discovery.clone_url,
google.ruby-openid-apps-discovery.clone_url.https://github#com/google/ruby-openid-apps-discovery#git,1
google.ruby-openid-apps-discovery.svn_url,
google.ruby-openid-apps-discovery.svn_url.https://github#com/google/ruby-openid-apps-discovery,1
google.ruby-openid-apps-discovery.homepage,
google.ruby-openid-apps-discovery.homepage.,1
google.ruby-openid-apps-discovery.size,
google.ruby-openid-apps-discovery.releases_url.https://api#github#com/repos/google/ruby-openid-apps-discovery/releases{/id},1
google.ruby-openid-apps-discovery.size.176,1
google.ruby-openid-apps-discovery.stargazers_count,
google.ruby-openid-apps-discovery.watchers_count,
google.ruby-openid-apps-discovery.stargazers_count.35,1
google.ruby-openid-apps-discovery.watchers_count.35,1
google.ruby-openid-apps-discovery.labels_url.https://api#github#com/repos/google/ruby-openid-apps-discovery/labels{/name},1
google.ruby-openid-apps-discovery.language.Ruby,1
google.ruby-openid-apps-discovery.has_issues,
google.ruby-openid-apps-discovery.has_projects.true,1
google.ruby-openid-apps-discovery.has_projects,
google.ruby-openid-apps-discovery.language,
google.ruby-openid-apps-discovery.has_issues.true,1
google.ruby-openid-apps-discovery.has_downloads,
google.ruby-openid-apps-discovery.has_downloads.true,1
google.ruby-openid-apps-discovery.has_wiki,
google.ruby-openid-apps-discovery.has_pages,
google.ruby-openid-apps-discovery.has_pages.false,1
google.ruby-openid-apps-discovery.forks_count,
google.ruby-openid-apps-discovery.mirror_url,
google.ruby-openid-apps-discovery.forks_count.21,1
google.ruby-openid-apps-discovery.mirror_url,
google.ruby-openid-apps-discovery.archived,
google.ruby-openid-apps-discovery.archived.false,1
google.ruby-openid-apps-discovery.disabled,
google.ruby-openid-apps-discovery.disabled.false,1
google.ruby-openid-apps-discovery.open_issues_count,
google.ruby-openid-apps-discovery.open_issues_count.2,1
google.ruby-openid-apps-discovery.license,
google.ruby-openid-apps-discovery.license,
google.ruby-openid-apps-discovery.forks,
google.ruby-openid-apps-discovery.forks.21,1
google.ruby-openid-apps-discovery.has_wiki.true,1
google.ruby-openid-apps-discovery.watchers,
google.ruby-openid-apps-discovery.open_issues,
google.ruby-openid-apps-discovery.watchers.35,1
google.autoparse,
google.autoparse.id,
google.autoparse.id.3248531,1
google.autoparse.node_id,
google.autoparse.node_id.MDEwOlJlcG9zaXRvcnkzMjQ4NTMx,1
google.autoparse.name,
google.autoparse.name.autoparse,1
google.autoparse.full_name.google/autoparse,1
google.autoparse.full_name,
google.autoparse.private,
google.autoparse.owner,
google.autoparse.owner.[object Object],1
google.autoparse.private.false,1
google.autoparse.html_url,
google.autoparse.html_url.https://github#com/google/autoparse,1
google.autoparse.description,
google.autoparse.description.A dynamically generated parsing system using JSON Schema#,1
google.autoparse.fork.false,1
google.autoparse.fork,
google.autoparse.url,
google.autoparse.url.https://api#github#com/repos/google/autoparse,1
google.autoparse.forks_url,
google.autoparse.forks_url.https://api#github#com/repos/google/autoparse/forks,1
google.autoparse.keys_url,
google.autoparse.keys_url.https://api#github#com/repos/google/autoparse/keys{/key_id},1
google.autoparse.collaborators_url,
google.autoparse.collaborators_url.https://api#github#com/repos/google/autoparse/collaborators{/collaborator},1
google.autoparse.teams_url,
google.autoparse.teams_url.https://api#github#com/repos/google/autoparse/teams,1
google.autoparse.hooks_url.https://api#github#com/repos/google/autoparse/hooks,1
google.autoparse.hooks_url,
google.autoparse.issue_events_url,
google.autoparse.issue_events_url.https://api#github#com/repos/google/autoparse/issues/events{/number},1
google.autoparse.events_url,
google.autoparse.events_url.https://api#github#com/repos/google/autoparse/events,1
google.autoparse.assignees_url,
google.autoparse.assignees_url.https://api#github#com/repos/google/autoparse/assignees{/user},1
google.autoparse.branches_url,
google.autoparse.branches_url.https://api#github#com/repos/google/autoparse/branches{/branch},1
google.autoparse.tags_url,
google.autoparse.tags_url.https://api#github#com/repos/google/autoparse/tags,1
google.autoparse.blobs_url,
google.autoparse.blobs_url.https://api#github#com/repos/google/autoparse/git/blobs{/sha},1
google.autoparse.git_tags_url,
google.autoparse.git_tags_url.https://api#github#com/repos/google/autoparse/git/tags{/sha},1
google.autoparse.git_refs_url,
google.autoparse.git_refs_url.https://api#github#com/repos/google/autoparse/git/refs{/sha},1
google.autoparse.trees_url,
google.autoparse.trees_url.https://api#github#com/repos/google/autoparse/git/trees{/sha},1
google.autoparse.statuses_url,
google.autoparse.languages_url.https://api#github#com/repos/google/autoparse/languages,1
google.autoparse.statuses_url.https://api#github#com/repos/google/autoparse/statuses/{sha},1
google.autoparse.languages_url,
google.autoparse.stargazers_url,
google.autoparse.stargazers_url.https://api#github#com/repos/google/autoparse/stargazers,1
google.autoparse.contributors_url,
google.autoparse.contributors_url.https://api#github#com/repos/google/autoparse/contributors,1
google.autoparse.subscribers_url.https://api#github#com/repos/google/autoparse/subscribers,1
google.autoparse.subscription_url,
google.autoparse.subscribers_url,
google.autoparse.subscription_url.https://api#github#com/repos/google/autoparse/subscription,1
google.autoparse.commits_url,
google.autoparse.commits_url.https://api#github#com/repos/google/autoparse/commits{/sha},1
google.autoparse.git_commits_url,
google.autoparse.git_commits_url.https://api#github#com/repos/google/autoparse/git/commits{/sha},1
google.autoparse.comments_url,
google.autoparse.comments_url.https://api#github#com/repos/google/autoparse/comments{/number},1
google.autoparse.issue_comment_url,
google.autoparse.issue_comment_url.https://api#github#com/repos/google/autoparse/issues/comments{/number},1
google.autoparse.contents_url,
google.autoparse.contents_url.https://api#github#com/repos/google/autoparse/contents/{+path},1
google.autoparse.compare_url,
google.autoparse.merges_url,
google.autoparse.compare_url.https://api#github#com/repos/google/autoparse/compare/{base}###{head},1
google.autoparse.merges_url.https://api#github#com/repos/google/autoparse/merges,1
google.autoparse.archive_url,
google.autoparse.archive_url.https://api#github#com/repos/google/autoparse/{archive_format}{/ref},1
google.autoparse.downloads_url,
google.autoparse.downloads_url.https://api#github#com/repos/google/autoparse/downloads,1
google.autoparse.issues_url,
google.autoparse.issues_url.https://api#github#com/repos/google/autoparse/issues{/number},1
google.autoparse.pulls_url,
google.autoparse.pulls_url.https://api#github#com/repos/google/autoparse/pulls{/number},1
google.autoparse.milestones_url,
google.autoparse.milestones_url.https://api#github#com/repos/google/autoparse/milestones{/number},1
google.autoparse.notifications_url,
google.autoparse.notifications_url.https://api#github#com/repos/google/autoparse/notifications{?since,all,participating},1
google.autoparse.labels_url,
google.autoparse.labels_url.https://api#github#com/repos/google/autoparse/labels{/name},1
google.autoparse.releases_url,
google.autoparse.releases_url.https://api#github#com/repos/google/autoparse/releases{/id},1
google.autoparse.deployments_url,
google.autoparse.deployments_url.https://api#github#com/repos/google/autoparse/deployments,1
google.autoparse.created_at.2012-01-23T17:13:56Z,1
google.autoparse.created_at,
google.autoparse.updated_at,
google.autoparse.updated_at.2020-10-30T13:12:17Z,1
google.autoparse.pushed_at,
google.autoparse.pushed_at.2015-08-06T14:03:51Z,1
google.autoparse.git_url,
google.autoparse.ssh_url,
google.autoparse.git_url.git://github#com/google/autoparse#git,1
google.autoparse.ssh_url.git@github#com:google/autoparse#git,1
google.autoparse.clone_url,
google.autoparse.clone_url.https://github#com/google/autoparse#git,1
google.autoparse.svn_url,
google.autoparse.svn_url.https://github#com/google/autoparse,1
google.autoparse.homepage.http://code#google#com/p/ruby-autoparse/,1
google.autoparse.homepage,
google.autoparse.size,
google.autoparse.size.231,1
google.autoparse.stargazers_count,
google.autoparse.stargazers_count.142,1
google.autoparse.watchers_count,
google.autoparse.language,
google.autoparse.watchers_count.142,1
google.autoparse.language.Ruby,1
google.autoparse.has_issues.true,1
google.autoparse.has_issues,
google.autoparse.has_projects,
google.autoparse.has_projects.true,1
google.autoparse.has_downloads,
google.autoparse.has_downloads.true,1
google.autoparse.has_wiki,
google.autoparse.has_wiki.true,1
google.autoparse.has_pages,
google.autoparse.has_pages.false,1
google.autoparse.forks_count,
google.autoparse.mirror_url,
google.autoparse.forks_count.38,1
google.autoparse.mirror_url,
google.autoparse.archived,
google.autoparse.disabled,
google.autoparse.archived.false,1
google.autoparse.disabled.false,1
google.autoparse.open_issues_count,
google.autoparse.open_issues_count.4,1
google.autoparse.license,
google.autoparse.forks,
google.autoparse.license.[object Object],1
google.autoparse.forks.38,1
google.autoparse.open_issues.4,1
google.autoparse.open_issues,
google.autoparse.watchers,
google.gitkit-ruby,
google.autoparse.watchers.142,1
google.gitkit-ruby.id,
google.gitkit-ruby.id.3276484,1
google.gitkit-ruby.node_id,
google.gitkit-ruby.node_id.MDEwOlJlcG9zaXRvcnkzMjc2NDg0,1
google.gitkit-ruby.name,
google.gitkit-ruby.full_name,
google.gitkit-ruby.name.gitkit-ruby,1
google.gitkit-ruby.full_name.google/gitkit-ruby,1
google.gitkit-ruby.private,
google.gitkit-ruby.private.false,1
google.gitkit-ruby.owner,
google.gitkit-ruby.owner.[object Object],1
google.gitkit-ruby.html_url,
google.gitkit-ruby.html_url.https://github#com/google/gitkit-ruby,1
google.gitkit-ruby.description,
google.gitkit-ruby.description,
google.gitkit-ruby.fork,
google.gitkit-ruby.fork.false,1
google.gitkit-ruby.url,
google.gitkit-ruby.url.https://api#github#com/repos/google/gitkit-ruby,1
google.gitkit-ruby.forks_url,
google.gitkit-ruby.forks_url.https://api#github#com/repos/google/gitkit-ruby/forks,1
google.gitkit-ruby.keys_url,
google.gitkit-ruby.keys_url.https://api#github#com/repos/google/gitkit-ruby/keys{/key_id},1
google.gitkit-ruby.collaborators_url,
google.gitkit-ruby.collaborators_url.https://api#github#com/repos/google/gitkit-ruby/collaborators{/collaborator},1
google.gitkit-ruby.teams_url,
google.gitkit-ruby.teams_url.https://api#github#com/repos/google/gitkit-ruby/teams,1
google.gitkit-ruby.hooks_url,
google.gitkit-ruby.hooks_url.https://api#github#com/repos/google/gitkit-ruby/hooks,1
google.gitkit-ruby.issue_events_url,
google.gitkit-ruby.events_url,
google.gitkit-ruby.issue_events_url.https://api#github#com/repos/google/gitkit-ruby/issues/events{/number},1
google.gitkit-ruby.events_url.https://api#github#com/repos/google/gitkit-ruby/events,1
google.gitkit-ruby.assignees_url,
google.gitkit-ruby.assignees_url.https://api#github#com/repos/google/gitkit-ruby/assignees{/user},1
google.gitkit-ruby.branches_url,
google.gitkit-ruby.branches_url.https://api#github#com/repos/google/gitkit-ruby/branches{/branch},1
google.gitkit-ruby.tags_url,
google.gitkit-ruby.tags_url.https://api#github#com/repos/google/gitkit-ruby/tags,1
google.gitkit-ruby.blobs_url,
google.gitkit-ruby.blobs_url.https://api#github#com/repos/google/gitkit-ruby/git/blobs{/sha},1
google.gitkit-ruby.git_tags_url.https://api#github#com/repos/google/gitkit-ruby/git/tags{/sha},1
google.gitkit-ruby.git_refs_url,
google.gitkit-ruby.git_tags_url,
google.gitkit-ruby.git_refs_url.https://api#github#com/repos/google/gitkit-ruby/git/refs{/sha},1
google.gitkit-ruby.trees_url,
google.gitkit-ruby.trees_url.https://api#github#com/repos/google/gitkit-ruby/git/trees{/sha},1
google.gitkit-ruby.statuses_url,
google.gitkit-ruby.languages_url,
google.gitkit-ruby.statuses_url.https://api#github#com/repos/google/gitkit-ruby/statuses/{sha},1
google.gitkit-ruby.languages_url.https://api#github#com/repos/google/gitkit-ruby/languages,1
google.gitkit-ruby.stargazers_url,
google.gitkit-ruby.stargazers_url.https://api#github#com/repos/google/gitkit-ruby/stargazers,1
google.ruby-openid-apps-discovery.open_issues.2,1
google.gitkit-ruby.contributors_url,
google.gitkit-ruby.subscribers_url,
google.gitkit-ruby.subscription_url,
google.gitkit-ruby.contributors_url.https://api#github#com/repos/google/gitkit-ruby/contributors,1
google.gitkit-ruby.commits_url,
google.gitkit-ruby.subscription_url.https://api#github#com/repos/google/gitkit-ruby/subscription,1
google.gitkit-ruby.commits_url.https://api#github#com/repos/google/gitkit-ruby/commits{/sha},1
google.gitkit-ruby.git_commits_url,
google.gitkit-ruby.git_commits_url.https://api#github#com/repos/google/gitkit-ruby/git/commits{/sha},1
google.gitkit-ruby.comments_url,
google.gitkit-ruby.issue_comment_url,
google.gitkit-ruby.comments_url.https://api#github#com/repos/google/gitkit-ruby/comments{/number},1
google.gitkit-ruby.issue_comment_url.https://api#github#com/repos/google/gitkit-ruby/issues/comments{/number},1
google.gitkit-ruby.contents_url,
google.gitkit-ruby.contents_url.https://api#github#com/repos/google/gitkit-ruby/contents/{+path},1
google.gitkit-ruby.compare_url.https://api#github#com/repos/google/gitkit-ruby/compare/{base}###{head},1
google.gitkit-ruby.compare_url,
google.gitkit-ruby.merges_url,
google.gitkit-ruby.merges_url.https://api#github#com/repos/google/gitkit-ruby/merges,1
google.gitkit-ruby.archive_url,
google.gitkit-ruby.archive_url.https://api#github#com/repos/google/gitkit-ruby/{archive_format}{/ref},1
google.gitkit-ruby.downloads_url,
google.gitkit-ruby.downloads_url.https://api#github#com/repos/google/gitkit-ruby/downloads,1
google.gitkit-ruby.issues_url,
google.gitkit-ruby.pulls_url,
google.gitkit-ruby.issues_url.https://api#github#com/repos/google/gitkit-ruby/issues{/number},1
google.gitkit-ruby.pulls_url.https://api#github#com/repos/google/gitkit-ruby/pulls{/number},1
google.gitkit-ruby.milestones_url,
google.gitkit-ruby.milestones_url.https://api#github#com/repos/google/gitkit-ruby/milestones{/number},1
google.gitkit-ruby.notifications_url,
google.gitkit-ruby.notifications_url.https://api#github#com/repos/google/gitkit-ruby/notifications{?since,all,participating},1
google.gitkit-ruby.labels_url,
google.gitkit-ruby.labels_url.https://api#github#com/repos/google/gitkit-ruby/labels{/name},1
google.gitkit-ruby.releases_url,
google.gitkit-ruby.releases_url.https://api#github#com/repos/google/gitkit-ruby/releases{/id},1
google.gitkit-ruby.deployments_url,
google.gitkit-ruby.created_at,
google.gitkit-ruby.deployments_url.https://api#github#com/repos/google/gitkit-ruby/deployments,1
google.gitkit-ruby.created_at.2012-01-26T19:08:13Z,1
google.gitkit-ruby.updated_at,
google.gitkit-ruby.updated_at.2020-12-14T04:34:27Z,1
google.gitkit-ruby.pushed_at,
google.gitkit-ruby.git_url,
google.gitkit-ruby.pushed_at,
google.gitkit-ruby.git_url.git://github#com/google/gitkit-ruby#git,1
google.gitkit-ruby.ssh_url,
google.gitkit-ruby.clone_url,
google.gitkit-ruby.ssh_url.git@github#com:google/gitkit-ruby#git,1
google.gitkit-ruby.clone_url.https://github#com/google/gitkit-ruby#git,1
google.gitkit-ruby.svn_url,
google.gitkit-ruby.svn_url.https://github#com/google/gitkit-ruby,1
google.gitkit-ruby.homepage,
google.gitkit-ruby.size,
google.gitkit-ruby.homepage.,1
google.gitkit-ruby.size.48,1
google.gitkit-ruby.stargazers_count,
google.gitkit-ruby.watchers_count,
google.gitkit-ruby.watchers_count.14,1
google.gitkit-ruby.stargazers_count.14,1
google.gitkit-ruby.language,
google.gitkit-ruby.language,
google.gitkit-ruby.has_issues,
google.gitkit-ruby.has_issues.true,1
google.gitkit-ruby.has_projects,
google.gitkit-ruby.has_projects.true,1
google.gitkit-ruby.has_downloads,
google.gitkit-ruby.has_downloads.true,1
google.gitkit-ruby.has_wiki,
google.gitkit-ruby.has_wiki.true,1
google.gitkit-ruby.has_pages,
google.gitkit-ruby.has_pages.false,1
google.gitkit-ruby.forks_count,
google.gitkit-ruby.forks_count.0,1
google.gitkit-ruby.mirror_url,
google.gitkit-ruby.archived,
google.gitkit-ruby.mirror_url,
google.gitkit-ruby.archived.false,1
google.gitkit-ruby.disabled.false,1
google.gitkit-ruby.disabled,
google.gitkit-ruby.open_issues_count,
google.gitkit-ruby.open_issues_count.3,1
google.gitkit-ruby.license,
google.gitkit-ruby.license,
google.gitkit-ruby.forks.0,1
google.gitkit-ruby.forks,
google.gitkit-ruby.open_issues,
google.gitkit-ruby.open_issues.3,1
google.gitkit-ruby.watchers,
google.gitkit-ruby.watchers.14,1
google.gitkit-ruby.subscribers_url.https://api#github#com/repos/google/gitkit-ruby/subscribers,1
